title,company,source,url,date_posted
Senior React.js & Python Developer,Lemon.io,WeWorkRemotely,https://weworkremotely.com/company/lemon-io,2024-11-23
Full Stack Developer Bootcamp - Job Guaranteed ðŸš€,Metana,WeWorkRemotely,https://weworkremotely.comhttps://metana.io/full-stack-software-engineer-bootcamp/?utm_source=weworkremotely.com&utm_medium=homepage-ad,2024-11-23
Data Analyst Digital Analytics,Softrams,RemoteOK,https://remoteok.com/remote-jobs/remote-data-analyst-digital-analytics-softrams-1051852,2024-11-23
Analytics Engineer,Pet Circle,RemoteOK,https://remoteok.com/remote-jobs/remote-analytics-engineer-pet-circle-1049515,2024-11-23
Junior Systems Administrator,Talkiatry,RemoteOK,https://remoteok.com/remote-jobs/remote-junior-systems-administrator-talkiatry-1047385,2024-11-23
Junior Systems Administrator,Talkiatry,RemoteOK,https://remoteok.com/remote-jobs/remote-junior-systems-administrator-talkiatry-1045222,2024-11-23
Senior Engineer Clients Integrations,InDebted,RemoteOK,https://remoteok.com/remote-jobs/remote-senior-engineer-clients-integrations-indebted-1039071,2024-11-23
Senior Site Reliability Engineer,Sezzle,RemoteOK,https://remoteok.com/remote-jobs/remote-senior-site-reliability-engineer-sezzle-1035958,2024-11-23
Senior System Analyst,Lido,RemoteOK,https://remoteok.com/remote-jobs/remote-senior-system-analyst-lido-1024160,2024-11-23
Senior DevOps Engineer,Allora Labs,RemoteOK,https://remoteok.com/remote-jobs/remote-senior-devops-engineer-allora-labs-1021276,2024-11-23
Senior Machine Learning Engineer,Reserv,RemoteOK,https://remoteok.com/remote-jobs/remote-senior-machine-learning-engineer-reserv-1018904,2024-11-23
Senior Blockchain Data Researcher,Syndica,RemoteOK,https://remoteok.com/remote-jobs/remote-senior-blockchain-data-researcher-syndica-1016920,2024-11-23
DevSecOps Engineer,Raft Company Website,RemoteOK,https://remoteok.com/remote-jobs/remote-devsecops-engineer-raft-company-website-1015989,2024-11-23
Backend Engineer,Codility,RemoteOK,https://remoteok.com/remote-jobs/remote-backend-engineer-codility-1013278,2024-11-23
Infrastructure Engineer,Chainstack,RemoteOK,https://remoteok.com/remote-jobs/remote-infrastructure-engineer-chainstack-1014017,2024-11-23
Engineering Manager,Zerion,RemoteOK,https://remoteok.com/remote-jobs/remote-engineering-manager-zerion-1014014,2024-11-23
Software Engineer Reinforcement Learning,DFINITY,RemoteOK,https://remoteok.com/remote-jobs/remote-software-engineer-reinforcement-learning-dfinity-1012571,2024-11-23
Engineering Manager Internal Data,BenchSci,RemoteOK,https://remoteok.com/remote-jobs/remote-engineering-manager-internal-data-benchsci-1011639,2024-11-23
Strategy Developer Asia,Auros,RemoteOK,https://remoteok.com/remote-jobs/remote-strategy-developer-asia-auros-1008222,2024-11-23
Senior Data Engineer,Sword Health,RemoteOK,https://remoteok.com/remote-jobs/remote-senior-data-engineer-sword-health-1007363,2024-11-23
Senior Software Developer II Full Stack,BLEN,RemoteOK,https://remoteok.com/remote-jobs/remote-senior-software-developer-ii-full-stack-blen-1006336,2024-11-23
Full Stack Developer Bootcamp - Job Guaranteed ðŸš€,Metana,WeWorkRemotely,https://weworkremotely.comhttps://metana.io/full-stack-software-engineer-bootcamp/?utm_source=weworkremotely.com&utm_medium=homepage-ad,2024-11-23
Software Engineer,Rasayel,RemoteOK,https://remoteok.com/remote-jobs/remote-software-engineer-rasayel-1048850,2024-11-23
Frontend Developer,Oowlish Technology,RemoteOK,https://remoteok.com/remote-jobs/remote-frontend-developer-oowlish-technology-1052035,2024-11-23
Senior RN Developer,Pencil Bible,RemoteOK,https://remoteok.com/remote-jobs/remote-senior-rn-developer-pencil-bible-1051901,2024-11-23
Full Stack Engineer,ResumeDive,RemoteOK,https://remoteok.com/remote-jobs/remote-full-stack-engineer-resumedive-991115,2024-11-23
Software Engineering Manager,FloQast,RemoteOK,https://remoteok.com/remote-jobs/remote-software-engineering-manager-floqast-1043212,2024-11-23
UI Lead R01543593,Brillio,RemoteOK,https://remoteok.com/remote-jobs/remote-ui-lead-r01543593-brillio-1042603,2024-11-23
Full Stack TypeScript Engineer,Wander.com,RemoteOK,https://remoteok.com/remote-jobs/remote-full-stack-typescript-engineer-wander-com-987505,2024-11-23
Senior Software Engineer,Bitmex,RemoteOK,https://remoteok.com/remote-jobs/remote-senior-software-engineer-bitmex-1037115,2024-11-23
Software Engineer Core Commerce,Recharge,RemoteOK,https://remoteok.com/remote-jobs/remote-software-engineer-core-commerce-recharge-1023434,2024-11-23
Process Automation Specialist,LaunchBrightly,RemoteOK,https://remoteok.com/remote-jobs/remote-process-automation-specialist-launchbrightly-1022211,2024-11-23
Expert Smart Contracts Engineer,RootstockLabs,RemoteOK,https://remoteok.com/remote-jobs/remote-expert-smart-contracts-engineer-rootstocklabs-1022724,2024-11-23
AI Engineer,Tether,RemoteOK,https://remoteok.com/remote-jobs/remote-ai-engineer-tether-1021275,2024-11-23
Lead WordPress Developer for Fast Growing Pet Company,Pangolia,RemoteOK,https://remoteok.com/remote-jobs/remote-lead-wordpress-developer-for-fast-growing-pet-company-pangolia-1009707,2024-11-23
Frontend Developer,neuronOS,RemoteOK,https://remoteok.com/remote-jobs/remote-frontend-developer-neuronos-975870,2024-11-23
Full Stack Developer,RainFocus,RemoteOK,https://remoteok.com/remote-jobs/remote-full-stack-developer-rainfocus-1003008,2024-11-23
Senior Software Quality Agent,Bitfinex,RemoteOK,https://remoteok.com/remote-jobs/remote-senior-software-quality-agent-bitfinex-1002413,2024-11-23
Senior .NET Developer PERM Colombia,Arc & Codementor,RemoteOK,https://remoteok.com/remote-jobs/remote-senior-net-developer-perm-colombia-arc-codementor-998822,2024-11-23
Senior Full Stack Rails Engineer FT Colombia,Arc & Codementor,RemoteOK,https://remoteok.com/remote-jobs/remote-senior-full-stack-rails-engineer-ft-colombia-arc-codementor-998820,2024-11-23
Senior Frontend Engineer Payroll Experience,"Gusto, Inc.",RemoteOK,https://remoteok.com/remote-jobs/remote-senior-frontend-engineer-payroll-experience-gusto-inc-997318,2024-11-23
Senior React.js & Python Developer,Lemon.io,WeWorkRemotely,https://weworkremotely.com/company/lemon-io,2024-11-23
Senior React & Node.js Developer,Lemon.io,WeWorkRemotely,https://weworkremotely.com/company/lemon-io,2024-11-23
Full Stack Developer Bootcamp - Job Guaranteed ðŸš€,Metana,WeWorkRemotely,https://weworkremotely.comhttps://metana.io/full-stack-software-engineer-bootcamp/?utm_source=weworkremotely.com&utm_medium=homepage-ad,2024-11-23
React Native Developer,RemoteMore,WeWorkRemotely,https://weworkremotely.com/company/remotemore,2024-11-23
Senior React Native Developer,Proxify AB,WeWorkRemotely,https://weworkremotely.com/company/proxify-ab,2024-11-23
Developer Relations,Risk Labs,RemoteOK,https://remoteok.com/remote-jobs/remote-developer-relations-risk-labs-1047446,2024-11-23
Software Engineer Literacy & ELA,Khan Academy,RemoteOK,https://remoteok.com/remote-jobs/remote-software-engineer-literacy-ela-khan-academy-1046734,2024-11-23
Full Stack Engineer,ResumeDive,RemoteOK,https://remoteok.com/remote-jobs/remote-full-stack-engineer-resumedive-991115,2024-11-23
Ruby Engineer II,Fullscript,RemoteOK,https://remoteok.com/remote-jobs/remote-ruby-engineer-ii-fullscript-1043211,2024-11-23
Experience Technology CoE Lead R01543343,Brillio,RemoteOK,https://remoteok.com/remote-jobs/remote-experience-technology-coe-lead-r01543343-brillio-1042667,2024-11-23
Software Development Lead R01543570,Brillio,RemoteOK,https://remoteok.com/remote-jobs/remote-software-development-lead-r01543570-brillio-1042666,2024-11-23
UI Lead R01543593,Brillio,RemoteOK,https://remoteok.com/remote-jobs/remote-ui-lead-r01543593-brillio-1042603,2024-11-23
Software Engineer III iOS,Weedmaps,RemoteOK,https://remoteok.com/remote-jobs/remote-software-engineer-iii-ios-weedmaps-1041345,2024-11-23
Full Stack TypeScript Engineer,Wander.com,RemoteOK,https://remoteok.com/remote-jobs/remote-full-stack-typescript-engineer-wander-com-987505,2024-11-23
Senior Software Engineer,Bitmex,RemoteOK,https://remoteok.com/remote-jobs/remote-senior-software-engineer-bitmex-1037115,2024-11-23
Senior Site Reliability Engineer,Sezzle,RemoteOK,https://remoteok.com/remote-jobs/remote-senior-site-reliability-engineer-sezzle-1035958,2024-11-23
Staff React Native Engineer,Zora,RemoteOK,https://remoteok.com/remote-jobs/remote-staff-react-native-engineer-zora-1027035,2024-11-23
Frontend Developer,neuronOS,RemoteOK,https://remoteok.com/remote-jobs/remote-frontend-developer-neuronos-975870,2024-11-23
Senior React Native Developer,MentorMate,RemoteOK,https://remoteok.com/remote-jobs/remote-senior-react-native-developer-mentormate-1009777,2024-11-23
Senior Engineer Full Stack,G-P,RemoteOK,https://remoteok.com/remote-jobs/remote-senior-engineer-full-stack-g-p-1000693,2024-11-23
Senior Software Developer,Arc & Codementor,RemoteOK,https://remoteok.com/remote-jobs/remote-senior-software-developer-arc-codementor-998819,2024-11-23
Senior Software Engineer Blockchain Web3,Shardeum Foundation,RemoteOK,https://remoteok.com/remote-jobs/remote-senior-software-engineer-blockchain-web3-shardeum-foundation-995828,2024-11-23
Senior Front End & Web3 Engineer,Premia Jobs,RemoteOK,https://remoteok.com/remote-jobs/remote-senior-front-end-web3-engineer-premia-jobs-993825,2024-11-23
Smart Contracts Engineer,Enya,RemoteOK,https://remoteok.com/remote-jobs/remote-smart-contracts-engineer-enya-993827,2024-11-23
Sales Account Director Public Sector,TRM Labs,RemoteOK,https://remoteok.com/remote-jobs/remote-sales-account-director-public-sector-trm-labs-990969,2024-11-23
Software Engineer,Rasayel,RemoteOK,https://remoteok.com/remote-jobs/remote-software-engineer-rasayel-1048850,2024-11-23
Senior Backend Golang Engineer,Hippo Technologies,RemoteOK,https://remoteok.com/remote-jobs/remote-senior-backend-golang-engineer-hippo-technologies-903469,2024-11-23
Wordpress Developer,BBE Marketing,RemoteOK,https://remoteok.com/remote-jobs/remote-wordpress-developer-bbe-marketing-1036553,2024-11-23
Senior Backend Engineer,Cordial Systems,RemoteOK,https://remoteok.com/remote-jobs/remote-senior-backend-engineer-cordial-systems-1034887,2024-11-23
Full Stack Engineer,ResumeDive,RemoteOK,https://remoteok.com/remote-jobs/remote-full-stack-engineer-resumedive-991115,2024-11-23
Full Stack TypeScript Engineer,Wander.com,RemoteOK,https://remoteok.com/remote-jobs/remote-full-stack-typescript-engineer-wander-com-987505,2024-11-23
Site Reliability Engineer,Sticker Mule,RemoteOK,https://remoteok.com/remote-jobs/remote-site-reliability-engineer-sticker-mule-1038779,2024-11-23
Lead WordPress Developer for Fast Growing Pet Company,Pangolia,RemoteOK,https://remoteok.com/remote-jobs/remote-lead-wordpress-developer-for-fast-growing-pet-company-pangolia-1009707,2024-11-23
Frontend Developer,neuronOS,RemoteOK,https://remoteok.com/remote-jobs/remote-frontend-developer-neuronos-975870,2024-11-23
Senior Backend Software Engineer,Prisma Data,RemoteOK,https://remoteok.com/remote-jobs/remote-senior-backend-software-engineer-prisma-data-966101,2024-11-23
Software Engineer Backend,BrowserStack Software Private Limited,RemoteOK,https://remoteok.com/remote-jobs/remote-software-engineer-backend-browserstack-software-private-limited-998520,2024-11-23
Technical Support Engineer Developer,LimeSurvey,RemoteOK,https://remoteok.com/remote-jobs/remote-technical-support-engineer-developer-limesurvey-925464,2024-11-23
Senior Back End Wizard,joi.studio,RemoteOK,https://remoteok.com/remote-jobs/remote-senior-back-end-wizard-joi-studio-867839,2024-11-23
Principal Software Engineer,Recast Software,RemoteOK,https://remoteok.com/remote-jobs/remote-principal-software-engineer-recast-software-932425,2024-11-23
Product Marketing Manager,Recast Software,RemoteOK,https://remoteok.com/remote-jobs/remote-product-marketing-manager-recast-software-932424,2024-11-23
Full stack Engineer PHP Symfony React MongoDB,i6,RemoteOK,https://remoteok.com/remote-jobs/remote-full-stack-engineer-php-symfony-react-mongodb-i6-843213,2024-11-23
Senior PHP Laravel Developer,IxDF - Interaction Design Foundation,RemoteOK,https://remoteok.com/remote-jobs/remote-senior-php-laravel-developer-ixdf-interaction-design-foundation-840144,2024-11-23
Senior Backend Engineer,Center,RemoteOK,https://remoteok.com/remote-jobs/remote-senior-backend-engineer-center-778049,2024-11-23
Senior Developer Grow My Clinic,Jane Software,RemoteOK,https://remoteok.com/remote-jobs/remote-senior-developer-grow-my-clinic-jane-software-880008,2024-11-23
