title,company,source,url,date_posted,keyword,last_updated
Full Stack Developer Bootcamp - Job Guaranteed ðŸš€,Metana,WeWorkRemotely,https://weworkremotely.comhttps://metana.io/full-stack-software-engineer-bootcamp/?utm_source=weworkremotely.com&utm_medium=homepage-ad,2024-11-23,backend,2024-11-23 11:03:10
Senior Backend Engineer,Toggl,WeWorkRemotely,https://weworkremotely.com/company/toggl,2024-11-23,backend,2024-11-23 11:03:10
Senior Backend Engineer (C# / Azure) Remote US Only,Stratus,WeWorkRemotely,https://weworkremotely.com/company/stratus,2024-11-23,backend,2024-11-23 11:03:10
Software Engineer Literacy & ELA,Khan Academy,RemoteOK,https://remoteok.com/remote-jobs/remote-software-engineer-literacy-ela-khan-academy-1046734,2024-11-23,backend,2024-11-23 11:03:10
Software Developer Backend Platform,TextNow,RemoteOK,https://remoteok.com/remote-jobs/remote-software-developer-backend-platform-textnow-1045161,2024-11-23,backend,2024-11-23 11:03:10
Site Reliability Engineer,Sticker Mule,RemoteOK,https://remoteok.com/remote-jobs/remote-site-reliability-engineer-sticker-mule-1038779,2024-11-23,backend,2024-11-23 11:03:10
Founding Backend Engineer,Axiom,RemoteOK,https://remoteok.com/remote-jobs/remote-founding-backend-engineer-axiom-1037117,2024-11-23,backend,2024-11-23 11:03:10
P2P Backend Developer,Bitfinex,RemoteOK,https://remoteok.com/remote-jobs/remote-p2p-backend-developer-bitfinex-1035666,2024-11-23,backend,2024-11-23 11:03:10
Web Developer,IFT,RemoteOK,https://remoteok.com/remote-jobs/remote-web-developer-ift-1032958,2024-11-23,backend,2024-11-23 11:03:10
P2P Backend Developer,Bitfinex,RemoteOK,https://remoteok.com/remote-jobs/remote-p2p-backend-developer-bitfinex-1029918,2024-11-23,backend,2024-11-23 11:03:10
Senior Software Engineer,Flashbots,RemoteOK,https://remoteok.com/remote-jobs/remote-senior-software-engineer-flashbots-1028483,2024-11-23,backend,2024-11-23 11:03:10
Senior Software Engineer,Sysdig,RemoteOK,https://remoteok.com/remote-jobs/remote-senior-software-engineer-sysdig-1027566,2024-11-23,backend,2024-11-23 11:03:10
Data Engineer,Risk Labs,RemoteOK,https://remoteok.com/remote-jobs/remote-data-engineer-risk-labs-1027039,2024-11-23,backend,2024-11-23 11:03:10
Senior Fullstack Engineer,Scroll,RemoteOK,https://remoteok.com/remote-jobs/remote-senior-fullstack-engineer-scroll-1025602,2024-11-23,backend,2024-11-23 11:03:10
Software Engineer Core Commerce,Recharge,RemoteOK,https://remoteok.com/remote-jobs/remote-software-engineer-core-commerce-recharge-1023434,2024-11-23,backend,2024-11-23 11:03:10
Senior Backend Engineer,Interop Labs,RemoteOK,https://remoteok.com/remote-jobs/remote-senior-backend-engineer-interop-labs-1024161,2024-11-23,backend,2024-11-23 11:03:10
Linux Server WHM Optimization and Cloudflare Configuration,JustPays,RemoteOK,https://remoteok.com/remote-jobs/remote-linux-server-whm-optimization-and-cloudflare-configuration-justpays-1022908,2024-11-23,backend,2024-11-23 11:03:10
Senior Software Engineer Institutional Products,Coinbase,RemoteOK,https://remoteok.com/remote-jobs/remote-senior-software-engineer-institutional-products-coinbase-1022721,2024-11-23,backend,2024-11-23 11:03:10
Senior Backend Developer Node,Tether,RemoteOK,https://remoteok.com/remote-jobs/remote-senior-backend-developer-node-tether-1021272,2024-11-23,backend,2024-11-23 11:03:10
Senior Backend Developer Node,Tether,RemoteOK,https://remoteok.com/remote-jobs/remote-senior-backend-developer-node-tether-1021269,2024-11-23,backend,2024-11-23 11:03:10
Senior Distributed Systems Engineer,Allora Labs,RemoteOK,https://remoteok.com/remote-jobs/remote-senior-distributed-systems-engineer-allora-labs-1021268,2024-11-23,backend,2024-11-23 11:03:10
Lead WordPress Developer for Fast Growing Pet Company,Pangolia,RemoteOK,https://remoteok.com/remote-jobs/remote-lead-wordpress-developer-for-fast-growing-pet-company-pangolia-1009707,2024-11-23,backend,2024-11-23 11:03:10
SSIS ETL Data Engineer,Rico Industries,RemoteOK,https://remoteok.com/remote-jobs/remote-ssis-etl-data-engineer-rico-industries-695553,2024-11-23,backend,2024-11-23 11:03:10
